<?xml version="1.0" encoding="utf-8"?>
<html xmlns="http://www.w3.org/1999/xhtml" xml:lang="fr">
<head>
<meta name="generator" content=
"HTML Tidy for FreeBSD (vers 7 December 2008), see www.w3.org" />
<title>A Propos</title>
<link rel="stylesheet" href="css/about.css" type="text/css" />
<meta http-equiv="Content-Type" content=
"application/xhtml+xml; charset=utf-8" />
</head>
<body>
<div class="body">
<div class="aboutauthor"><strong>A Propos Pergaud:</strong><br />
<p>Louis Pergaud est un instituteur et romancier français né à
Belmont (Doubs), le 22 janvier 1882 et Mort pour la France, le 8
avril 1915, peu après la bataille de la Woëvre, près de
Marchéville-en-Woëvre (département de la Meuse).</p>
</div>
<div class="also"><strong>Disponible sur Feedbooks
Pergaud:</strong>
<ul>
<li><i><a href="http://generation.feedbooks.com/book/5868.epub">Les
Rustiques</a></i> (1921)</li>
<li><i><a href="http://generation.feedbooks.com/book/5864.epub">Le
Roman de Miraut - Chien de chasse</a></i> (1913)</li>
</ul>
</div>
<div class="also"><strong>Note:</strong> Ce livre vous est offert
par Feedbooks.<br />
<a href=
"http://www.feedbooks.com">http://www.feedbooks.com</a><br />
Il est destiné à une utilisation strictement personnelle et ne peut
en aucun cas être vendu.</div>
</div>
</body>
</html>
