<?xml version="1.0" encoding="UTF-8" ?>

<!DOCTYPE html PUBLIC
     "-//W3C//DTD XHTML 1.1//EN"
     "http://www.w3.org/TR/xhtml11/DTD/xhtml11.dtd">

<html xmlns="http://www.w3.org/1999/xhtml" xml:lang="fr">

  <head>
   <title>Cover</title>
   <meta http-equiv="Content-Type" content="application/xhtml+xml; charset=utf-8"/>
  </head>
  
  <body>
    <div style="text-align: center; page-break-after: always;">
      <img src="images/cover.png" alt="Cover" style="height: 100%; max-width: 100%;" />
    </div>
  </body>

</html>
