<?xml version="1.0" encoding="UTF-8" ?>

<!DOCTYPE html PUBLIC
     "-//W3C//DTD XHTML 1.1//EN"
     "http://www.w3.org/TR/xhtml11/DTD/xhtml11.dtd">

<html xmlns="http://www.w3.org/1999/xhtml" xml:lang="en-US">

<head>

  <title>Feedbooks</title>

  <link rel="stylesheet" href="css/feedbooks.css" type="text/css"/>
  
  <meta http-equiv="Content-Type" content="application/xhtml+xml; charset=utf-8"/>

</head>

<body>

  <div class="body">

    <div class="logo2"><img  src="images/logo-feedbooks.png" alt="FeedBooks" title="FeedBooks"/></div> 
 
    <div class="texttitle"><b>www.feedbooks.com</b></div>
    <div style="text-align: center;">Food for the mind</div>

  </div>

</body>

</html>
