<?xml version="1.0" encoding="utf-8"?>
<html xmlns="http://www.w3.org/1999/xhtml" xml:lang="fr">
<head>
<meta name="generator" content=
"HTML Tidy for FreeBSD (vers 7 December 2008), see www.w3.org" />
<title>La Vie des bêtes</title>
<link rel="stylesheet" href="css/main.css" type="text/css" />
<meta http-equiv="Content-Type" content=
"application/xhtml+xml; charset=utf-8" />
</head>
<body>
<div class="body">
<div id="section_548718" class="section">
<h3 class="section_title">La dernière heure du condamné</h3>
<div class="text">
<p class="MsoNormal">&#160;</p>
<p class="MsoNormal">Les monte-en-l’air, haut pattus, porteurs des
bâtons qui tuent, et leur horde familière de hurleurs poilus
venaient, à la suite d’une faible course et avec des cris
terribles, de grands beuglements rauques (rires et abois), de faire
halte devant le trou où Tasson, le vieux blaireau, se terrait
depuis quatre ou cinq neiges.</p>
<p class="MsoNormal">Tasson, dans son abri, écoutait. La terre,
martelée à grands coups, tremblait, et les vibrations qui lui
parvenaient, contrairement à ce qui s’était passé à toutes les
précédentes chasses, ne s’atténuaient point&#160;: elles semblaient
même s’amplifier, devenir plus nourries, plus intenses, plus
fortes. C’était grave assurément.</p>
<p class="MsoNormal">D’ordinaire, quand le jour poignant le
surprenait quelque part en maraude et que lui parvenaient des
bruits menaçants, appels de chasseurs ou jappements de chiens, il
filait par les chemins de cailloux où ses pattes ne laissaient pas
de fret et gagnait, après quelques sages contours, sa maison de
roc. Alors il pouvait entendre le piétinement de la chasse arriver
en trombe auprès de sa demeure et les vibrations courir sur le sol,
mêlées aux rafales d’abois, et tous ces bruits, bientôt, se
fondaient, se diluaient, se partageaient comme si le grand courant
de haine lancé à ses trousses se fût divisé peu à peu en une
infinité de petits ruisselets sonores qui se seraient à leur tour
engloutis dans le grand calme de la forêt et du matin.</p>
<p class="MsoNormal">Cette fois, il avait dû s’attarder trop
longtemps. Avant sa rentrée précipitée dans son trou, il avait
entendu des grelots, des hurlements, des bruits de foulées et des
cris particuliers, les cris des haut pattus, cracheurs du feu, que
conduisent d’ordinaire, aux sentes des bois, leurs familiers
braillards, poilus, les chiens.</p>
<p class="MsoNormal">Ce n’étaient plus seulement des vibrations.
C’étaient des chocs, des martèlements de talon, de rauques coups de
gueule, des éclats de voix, des cris intraduisibles et des
reniflements mêlés à des odeurs fortes, puantes, qui, par le boyau
d’entrée de sa demeure, arrivaient jusqu’à lui.</p>
<p class="MsoNormal">Ils étaient à sa porte&#160;; ils avaient
découvert sa tanière.</p>
<p class="MsoNormal">Tasson, du fond de son repaire, s’avança dans
le corridor et s’approcha de l’entrée aussi près que sa naturelle
prudence le lui permit.</p>
<p class="MsoNormal">Les chiens, l’éventant du dehors, aboyèrent
avec fureur. Le vieux blaireau, lui aussi, renifla leur odeur à
pleines narines, et, au bout de quelques minutes d’examen, son
museau pointu, qui frémissait, laissa, comme pour un rire animal et
une satisfaction muette, passer sa langue sur ses babines
noires.</p>
<p class="MsoNormal">Les mal poilus n’entreraient pas. Ils ne
pouvaient&#160;; ils étaient tous bien trop hauts sur pattes,
autant les hommes que les chiens. Tasson se rassura. On était en
fin d’automne&#160;: il était gras, il pouvait attendre et jeûner
de longs jours&#160;; les autres se lasseraient certainement.</p>
<p class="MsoNormal">Tasson savait que la nuit lui était favorable,
que l’obscurité et la faim les font fléchir et les ramènent dans
leurs maisons et que le sommeil les domine bien plus que les
sauvages. Il savait tout cela, le vieux blaireau, et bien d’autres
choses encore&#160;: que dans un trou étroit comme son corridor, il
pourrait mordre et saigner le premier braillard qui oserait se
hasarder assez loin dans ses ténèbres familières et que les autres
y regarderaient à deux fois avant de tenter l’assaut à leur
tour.</p>
<p class="MsoNormal">Il n’ignorait pas non plus que son terrier
était perdu et qu’il lui faudrait, dès que son trou serait libre,
quitter ce canton paisible, toute demeure connue des hommes étant
maudite, traîtresse, pleine d’embûches et de dangers.</p>
<p class="MsoNormal">Cependant le bruit ne cessait point au dehors
et aux aboiements, aux cris, aux coups de talon se mêlaient encore
des grincements métalliques de scie et des craquements de bois.</p>
<p class="MsoNormal">Que pouvait signifier tout ce tapage&#160;? Le
vieux Goupil du Fays, qu’il avait rencontré une nuit au bord d’une
tranchée, lui avait dit qu’il faut d’autant plus se méfier de
l’homme qu’il fait moins de bruit à l’entrée des terriers&#160;; et
le vieux renard ne parlait pas à la légère&#160;; mais en
l’occurrence, l’excès contraire paraissait au blaireau tout aussi
redoutable.</p>
<p class="MsoNormal">Et Tasson, écrasé sur ses courtes pattes, les
yeux louchant en avant, les narines ouvertes et frémissantes,
attendait avec patience.</p>
<p class="MsoNormal">Brusquement, la venue en bouffée étouffante
d’une chose âcre et impalpable lui aveugla les prunelles et lui
piqua vivement les narines. Instinctivement, tout en reculant, il
essaya de mordre comme si un invisible ennemi se fût trouvé devant
lui, mais ses mâchoires, large ouvertes et précipitamment
refermées, claquèrent l’une contre l’autre&#160;: il n’avait rien
happé que du vide, et l’ennemi l’aveuglait de plus en plus, le
prenait à la gorge, lui fouettait les muqueuses. Plusieurs fois de
suite, il fit claquer ses dents sur cet étrange et terrible
adversaire et puis il parvint enfin à entr’ouvrir un peu les
paupières. Alors il remarqua que son boyau, qui était clair
l’instant d’avant, s’assombrissait maintenant d’un brouillard blanc
tiède, piquant, mauvais, qui lui coupait le souffle et le faisait
peu à peu reculer jusqu’au coin le plus enfoncé de son terrier.</p>
<p class="MsoNormal">Et puis il fit chaud dans son boyau de roc, il
fit trop chaud. Quelle était cette brume nouvelle créée par les
chasseurs ou par les chiens&#160;? D’ordinaire, aux matins
d’automne, celle qui s’exhale de la terre est fraîche et parfumée,
mais tout ce qui émane des hommes est poison et danger.</p>
<p class="MsoNormal">Impossible d’arrêter cette invasion blanche
qui, lente et prudente, se traînait par degrés vers lui. Tasson,
résolument, fit front en montrant les dents. Évidemment le danger
grandissait. Cependant, la fumée empoisonneuse, comme si l’attitude
résolue du blaireau et ses vains coups de croc lui en eussent
imposé tout de même, hésitait à l’atteindre de nouveau. Seuls
quelques filets, bas comme d’irréels serpents, glissaient encore
vers lui en longeant les parois. Quand ils se furent fondus dans le
gris du mur, Tasson, inquiet, craignant d’eux une attaque sournoise
et d’imprévisibles coups de fouet, resta longtemps quand même dans
sa posture d’attaque, la dent dardée et la griffe prête.</p>
<p class="MsoNormal">Mais le vent favorisait la bête et,
contrariant le tirage, attirait au dehors la fumée qui, peu à peu,
sembla se retirer et disparut.</p>
<p class="MsoNormal">Pourtant les ennemis étaient toujours au
dehors. Les voix humaines alternaient avec les jappements, les cris
et les rires avec les reniflements. Son trou était bien
gardé&#160;: il y avait danger de mort à s’aventurer dans le
couloir et à s’élancer dans la campagne.</p>
<p class="MsoNormal">Tasson, patient, s’écrasa sur les pattes et
attendit la nuit, certain que l’ombre, sa complice, défavorable aux
humains, lui permettrait, même si sa demeure était encore assiégée,
de profiter d’un instant de défaillance des geôliers pour tirer ses
grègues et détaler dans les ténèbres. Non, il n’avait pas faim, et
il était gras, et il savait attendre. Au besoin, il resterait là en
sentinelle plusieurs jours et plusieurs nuits, pour bien choisir
son heure et, quand ils s’y attendraient le moins, filer à la barbe
de ses ennemis. Eh non, on ne le tenait pas encore&#160;!</p>
<p class="MsoNormal">Du temps coula qu’il ne sut mesurer, ses
fonctions digestives étant comme suspendues et son attention rivée
sur l’extérieur. Et au bruit des voix voici que se mêle un autre
bruit sec et dur, tantôt criard et tantôt sourd, mais régulier et
qui résonnait profondément. Quelque chose comme une grand dent de
fer extrêmement puissante devait déchirer la terre et le roc de son
trou. Il entendait, en effet, les coups de pic tomber et, après
chaque secousse correspondant à un ahan humain, les pierres et le
gazon rouler avec un choc dur ou assourdi, selon la violence de
l’effort.</p>
<p class="MsoNormal">La situation s’aggravait encore.</p>
<p class="MsoNormal">Tasson, immédiatement, eut l’intention que les
ennemis ne voulaient pas l’attendre, mais qu’ils cherchaient à
arriver à lui&#160;; donc, pour les éviter, il fallait fuir coûte
que coûte. Résolument, de la gueule et des pattes, il attaqua la
terre pour creuser son boyau plus avant et orienter une galerie de
retraite vers le sol et vers le jour.</p>
<p class="MsoNormal">Mais les coups de pic et de pioche sonnaient
toujours plus fort à l’entrée du souterrain&#160;; il s’arrêta pour
écouter. Oui, les coups continuaient, les jappements et les cris
persistaient et, constatation plus grave, le jour ennemi, la
lumière complice des hommes entrait à flot par le couloir, semblant
guider les ennemis et leur montrer leur proie.</p>
<p class="MsoNormal">Tasson, médusé, comprit qu’il ne pourrait
creuser assez vite un tunnel de sortie. D’ailleurs, l’ouverture
élargie du corridor pouvait maintenant livrer passage aux
chiens&#160;: tous les dangers se concentraient de ce côté&#160;;
il fallait surveiller pour faire tête, le cas échéant.</p>
<p class="MsoNormal">Les yeux flamboyants, furibond, prêt à
saigner, il se retourna. Mais les chiens ne se hasardaient pas
encore. Prudents, les maîtres les maintenaient près d’eux.</p>
<p class="MsoNormal">Un instant, les coups de pic cessèrent de
marteler le roc. Tasson reprit espoir. Peut-être les hommes
étaient-ils las&#160;? Peut-être se décourageaient-ils comme lui
quelquefois, durant les trop longs affûts. Mais son espoir fut de
courte durée.</p>
<p class="MsoNormal">Bientôt, dans le couloir, une longue perche de
bois vert s’avança tâtonnante, doucereuse, semblant le chercher,
sondant la profondeur, pour le découvrir sans doute, et le frapper
peut-être.</p>
<p class="MsoNormal">Il la regarda venir, heurtant les parois, se
redressant, cherchant sa route, comme un bras d’aveugle, et quand
elle fut devant lui, prête à le toucher, brusquement furieux il
sauta dessus, la mordit rageusement, à pleines dents, serrant de
toutes ses mâchoires, les yeux rouges de haine.</p>
<p class="MsoNormal">Ah&#160;! elle osait venir&#160;; eh bien,
elle saurait ce que pouvait sa dent.</p>
<p class="MsoNormal">Comme si elle eût été douloureusement atteinte
par cette morsure, la perche, l’écorce arrachée, se retira,
cependant que les cris et les rires redoublaient à l’entrée du
terrier.</p>
<p class="MsoNormal">Tasson jugea que les hommes souffraient
puisqu’ils criaient si violemment, et il s’en réjouit&#160;; il
pensa encore que leur attaque était moins dangereuse qu’il ne
l’avait craint, puisque d’une morsure il en avait eu raison et
avait mis leur auxiliaire en fuite.</p>
<p class="MsoNormal">Mais les coups de pioche reprirent, et se
rapprochèrent, et devinrent plus distincts, et, derechef, la
perche, le bras de bois vint l’agacer dans son recoin.</p>
<p class="MsoNormal">Avec plus de fougue et de violence encore,
bien décidé à en finir, il se précipita de nouveau dessus et la
mordit, la tenailla, la broya sous ses mâchoires&#160;; mais
l’autre, cette fois, se défendit, tourna dans sa gueule, le tira en
avant, chercha à le jeter sur le flanc tant et si bien qu’il dut la
lâcher. Et avant de repartir, brusquement, elle lui fonça dessus et
lui porta en plein poitrail un coup de pointe qu’il ne put prévoir
ni éviter et si rude qu’il lui coupa le souffle.</p>
<p class="MsoNormal">Décidément, l’ennemi n’avait guère souffert de
ses morsures&#160;; ses attaques devenaient de plus en plus
dangereuses. Tasson devait veiller.</p>
<p class="MsoNormal">Et les coups tonnaient toujours, et la terre
et les pierres s’éboulaient, et la lumière entrait, et les
martèlements de souliers, les cris, les jappements se rapprochaient
de plus en plus.</p>
<p class="MsoNormal">Bientôt même, après un éboulis plus fort,
Tasson vit… il vit des enlacements de pieds ainsi que des bêtes
grouillantes et des jambes comme des fûts de chênes, et
d’innombrables pattes de chiens qui passaient, passaient,
tournaient encore et repassaient.</p>
<p class="MsoNormal"></p>
<p class="MsoNormal">Une nuée d’ennemis, une foule d’assassins le
guettaient, prêts à lui sauter dessus dès qu’il apparaîtrait.</p>
<p class="MsoNormal">Et la nuit sur laquelle il avait compté, la
nuit qui ne venait pas&#160;!…</p>
<p class="MsoNormal">Comment faire&#160;? Bientôt, plusieurs
pourraient entrer de front&#160;! Les coups pleuvaient
toujours.</p>
<p class="MsoNormal">Quand ils s’arrêtèrent, les chiens
s’élancèrent au trou, les yeux flamboyants, reniflant violemment,
aboyant avec rage. Tasson gronda sourdement. Ils le voyaient. L’un
d’eux, plus hardi, passa devant les autres. Le blaireau, les
babines troussées, était prêt à l’attaque&#160;: ses canines
énormes menaçaient&#160;; le chien hésita. Terribles tous deux, ils
se mesuraient. Mais, rappelé par son maître, le chien, obéissant,
recula, les yeux toujours dardés sur l’ennemi.</p>
<p class="MsoNormal">Tasson entendit les hommes crier plus haut.
Des sons argentins de batteries de fusil qu’on arme, tintèrent
comme pour un petit glas, et ce bruit de métal, qui lui rappelait
l’homme et ses dangers, fit passer sur son échine de courts
frissons qui lui dressèrent les poils.</p>
<p class="MsoNormal">Une voix reprit, dominant le
tumulte&#160;:</p>
<p class="MsoNormal">–&#160;Tenez les chiens et les fusils prêts,
je vais harponner.</p>
<p class="MsoNormal">Et la main de bois, précédée cette fois d’une
gaffe grise comme une grande griffe de fer pointue et recourbée en
double hameçon, s’engagea dans l’ouverture et s’avança vers la
bête.</p>
<p class="MsoNormal">Ramassé sur lui le blaireau la vit venir et se
prépara, sentant bien que cet ennemi était terrible.</p>
<p class="MsoNormal">Le croc approchait, il allait le toucher, il
lui frôlait l’épaule. Brusquement, Tasson l’empoigna, serra les
dents et roidit les pattes sur le morceau de fer. Mais l’autre,
impassible et invulnérable, se tordit dans sa gueule et glissa,
froid, sous l’étreinte des dents. Il voulut le reprendre, mordre de
nouveau, saigner, broyer&#160;; alors l’autre s’enfonça violemment
dans sa gorge, tourna sur lui-même en vrille, puis, se retirant
d’un seul coup, mordit terriblement les chairs de ses pointes
d’acier et s’agrippa aux mâchoires de la bête qu’il ne voulut plus
lâcher.</p>
<p class="MsoNormal">Tasson fit des efforts désespérés, mais une
douleur atroce le tordait, lui ôtant jusqu’à la possibilité de
mordre ou de hurler, tandis que le harpon de fer, manié par une
poigne implacable, le tirait impitoyablement vers le jour.</p>
<p class="MsoNormal">Malgré la douleur, le blaireau comprit que,
s’il arrivait à la lumière, parmi les hommes et les chiens et
impuissant comme il se trouvait, il était perdu. Et, crispé sur ses
pattes, l’échine bandée, les reins tendus dans l’effort le plus
désespéré, il s’arc-bouta à la terre.</p>
<p class="MsoNormal">Peine perdue&#160;! Pas à pas il dut suivre le
croc terrible qui l’avait happé, glissant sur ses pattes, la gueule
saignante, le cou effroyablement tendu.</p>
<p class="MsoNormal">Et dès qu’il apparut et que, dans un éclair,
ses yeux injectés de sang eurent entrevu, en un vertige
d’épouvante, le mouvement de ruée sur lui des hommes et des chiens,
un coup terrible assené sur son crâne, un coup de massue de chêne,
l’assomma au pied de son bourreau parmi la houle hurlante des bêtes
qui s’acharnaient sur lui.</p>
<p class="MsoNormal">Longtemps encore il frissonna et quand,
suspendu par les pattes à la perche maudite portée par deux
chasseurs, il fut ramené en triomphe au village des hommes, le
cerveau déjà obscurci des fumées de la mort, ses yeux encore clairs
purent cependant voir tout au loin le soleil rouge annonçant la
nuit prochaine, qui riait d’un rire sanglant au bas de
l’horizon.</p>
</div>
</div>
</div>
</body>
</html>
