<?xml version="1.0" encoding="utf-8"?>
<html xmlns="http://www.w3.org/1999/xhtml" xml:lang="fr">
<head>
<meta name="generator" content=
"HTML Tidy for FreeBSD (vers 7 December 2008), see www.w3.org" />
<title>Title Page</title>
<link rel="stylesheet" href="css/title.css" type="text/css" />
<meta http-equiv="Content-Type" content=
"application/xhtml+xml; charset=utf-8" />
</head>
<body>
<div class="body">
<div class="logo"><img src="images/logo-feedbooks-tiny.png" alt=
"Feedbooks" title="Feedbooks" /></div>
<h1>La Vie des bêtes</h1>
<h2>Louis Pergaud</h2>
</div>
<div class="infos"><br />
<b>Publication:</b> 1923<br />
<b>Catégorie(s):</b> Fiction, Contes et légendes<br />
<b>Source:</b> http://www.ebooksgratuits.com</div>
</body>
</html>
